{
  "dependencies": {
    "mssql1": {
      "type": "mssql.local",
      "connectionId": "ConnectionStrings:DefaultConnection"
    },
    "secrets1": {
      "type": "secrets.user"
    },
    "appInsights1": {
      "resourceId": "/subscriptions/[parameters('subscriptionId')]/resourcegroups/[parameters('resourceGroupName')]/providers/Microsoft.Insights/components/SimpleTravelAgencyProtoWeb",
      "type": "appInsights.azure",
      "connectionId": "APPINSIGHTS_CONNECTIONSTRING",
      "secretStore": "LocalSecretsFile"
    }
  }
}